{
    "parent": "item/handheld_rod",
    "textures": {
        "layer0": "item/carrot_on_a_stick"
    },
	"overrides": [
		{ "predicate": {"custom_model_data": 729003}, "model": "item/random_magicbook"},		
		{ "predicate": {"custom_model_data": 729004}, "model": "item/sculkblade"},
		{ "predicate": {"custom_model_data": 729005}, "model": "item/bandage"},
		{ "predicate": {"custom_model_data": 729006}, "model": "item/bandaid"},
		{ "predicate": {"custom_model_data": 729007}, "model": "item/syringe"},
		{ "predicate": {"custom_model_data": 729008}, "model": "item/blood_pack"}		
	]
}
