{
	"credit": "Made with Blockbench",
	"texture_size": [64, 64],
	"textures": {
		"4": "item/random_magicbook",
		"particle": "item/random_magicbook"
	},
	"elements": [
		{
			"from": [7, 2, 3.8],
			"to": [9, 4, 16],
			"faces": {
				"north": {"uv": [3.5, 6, 4, 6.5], "texture": "#4"},
				"east": {"uv": [5.75, 2.75, 8.75, 3.25], "texture": "#4"},
				"south": {"uv": [0.5, 6.75, 1, 7.25], "texture": "#4"},
				"west": {"uv": [5.75, 3.25, 8.75, 3.75], "texture": "#4"},
				"up": {"uv": [6.25, 6.75, 5.75, 3.75], "texture": "#4"},
				"down": {"uv": [0.5, 6, 0, 9], "texture": "#4"}
			}
		},
		{
			"from": [-2, 5, 4],
			"to": [6, 6, 16],
			"rotation": {"angle": -22.5, "axis": "z", "origin": [0, 0, 0]},
			"faces": {
				"north": {"uv": [6.25, 5.25, 8.25, 5.5], "texture": "#4"},
				"east": {"uv": [0.5, 6, 3.5, 6.25], "texture": "#4"},
				"south": {"uv": [6.25, 5.5, 8.25, 5.75], "texture": "#4"},
				"west": {"uv": [0.5, 6.25, 3.5, 6.5], "texture": "#4"},
				"up": {"uv": [2, 3, 0, 0], "texture": "#4"},
				"down": {"uv": [4, 0, 2, 3], "texture": "#4"}
			}
		},
		{
			"from": [-1.5, 5.5, 4.5],
			"to": [5.5, 6.5, 15.5],
			"rotation": {"angle": -22.5, "axis": "z", "origin": [0, 0, 0]},
			"faces": {
				"north": {"uv": [6.25, 6.25, 8, 6.5], "texture": "#4"},
				"east": {"uv": [6.25, 4.25, 9, 4.5], "texture": "#4"},
				"south": {"uv": [0.5, 6.5, 2.25, 6.75], "texture": "#4"},
				"west": {"uv": [6.25, 4.5, 9, 4.75], "texture": "#4"},
				"up": {"uv": [5.75, 2.75, 4, 0], "texture": "#4"},
				"down": {"uv": [5.75, 2.75, 4, 5.5], "texture": "#4"}
			}
		},
		{
			"from": [9, -1, 4],
			"to": [17, 0, 16],
			"rotation": {"angle": 22.5, "axis": "z", "origin": [0, 0, 0]},
			"faces": {
				"north": {"uv": [6.25, 5.75, 8.25, 6], "texture": "#4"},
				"east": {"uv": [6.25, 3.75, 9.25, 4], "texture": "#4"},
				"south": {"uv": [6.25, 6, 8.25, 6.25], "texture": "#4"},
				"west": {"uv": [6.25, 4, 9.25, 4.25], "texture": "#4"},
				"up": {"uv": [2, 6, 0, 3], "texture": "#4"},
				"down": {"uv": [4, 3, 2, 6], "texture": "#4"}
			}
		},
		{
			"from": [9.5, -0.5, 4.5],
			"to": [16.5, 0.5, 15.5],
			"rotation": {"angle": 22.5, "axis": "z", "origin": [0, 0, 0]},
			"faces": {
				"north": {"uv": [2.25, 6.5, 4, 6.75], "texture": "#4"},
				"east": {"uv": [6.25, 4.75, 9, 5], "texture": "#4"},
				"south": {"uv": [6.25, 6.5, 8, 6.75], "texture": "#4"},
				"west": {"uv": [6.25, 5, 9, 5.25], "texture": "#4"},
				"up": {"uv": [5.75, 8.25, 4, 5.5], "texture": "#4"},
				"down": {"uv": [7.5, 0, 5.75, 2.75], "texture": "#4"}
			}
		}
	],
	"display": {
		"thirdperson_righthand": {
			"rotation": [111, 0, 0],
			"translation": [-6, 9.75, 5.5],
			"scale": [0.8, 0.8, 0.8]
		},
		"thirdperson_lefthand": {
			"rotation": [102, 0, 0],
			"translation": [0, 5.5, 6.5],
			"scale": [0.8, 0.8, 0.8]
		},
		"firstperson_righthand": {
			"rotation": [65, 0, 0],
			"translation": [-9, 3.75, -6.5],
			"scale": [0.9, 0.9, 0.9]
		},
		"firstperson_lefthand": {
			"rotation": [50, 0, 25],
			"translation": [0.75, 4.5, -6.75],
			"scale": [0.9, 0.9, 0.9]
		},
		"gui": {
			"rotation": [90, 0, 0],
			"translation": [0, 1.25, 0],
			"scale": [0.8, 0.8, 0.8]
		},
		"head": {
			"rotation": [-180, 0, 0],
			"translation": [0, 4.25, 1.75]
		},
		"fixed": {
			"rotation": [-90, 0, 0],
			"translation": [0, 0, -5.25]
		}
	}
}