{
	"credit": "Made with Blockbench",
	"texture_size": [64, 64],
	"textures": {
		"6": "item/sculkblade",
		"particle": "item/sculkblade"
	},
	"elements": [
		{
			"from": [6.75, 1, 6],
			"to": [8.25, 11, 8],
			"faces": {
				"north": {"uv": [3, 3, 3.5, 5.5], "texture": "#6"},
				"east": {"uv": [3.5, 3, 4, 5.5], "texture": "#6"},
				"south": {"uv": [3.75, 0, 4.25, 2.5], "texture": "#6"},
				"west": {"uv": [4, 2.5, 4.5, 5], "texture": "#6"},
				"up": {"uv": [0.75, 6.25, 0.25, 5.75], "texture": "#6"},
				"down": {"uv": [1.25, 5.75, 0.75, 6.25], "texture": "#6"}
			}
		},
		{
			"from": [7, 0, 5.5],
			"to": [8, 1, 8.5],
			"faces": {
				"north": {"uv": [4.25, 2.25, 4.5, 2.5], "texture": "#6"},
				"east": {"uv": [5.25, 4.25, 6, 4.5], "texture": "#6"},
				"south": {"uv": [6.5, 2, 6.75, 2.25], "texture": "#6"},
				"west": {"uv": [5.75, 1.25, 6.5, 1.5], "texture": "#6"},
				"up": {"uv": [1.5, 6.5, 1.25, 5.75], "texture": "#6"},
				"down": {"uv": [6, 1.5, 5.75, 2.25], "texture": "#6"}
			}
		},
		{
			"from": [7, -3.5, 4],
			"to": [8, -0.5, 5],
			"faces": {
				"north": {"uv": [6, 5.75, 6.25, 6.5], "texture": "#6"},
				"east": {"uv": [0.25, 6.25, 0.5, 7], "texture": "#6"},
				"south": {"uv": [0.5, 6.25, 0.75, 7], "texture": "#6"},
				"west": {"uv": [6.25, 0.5, 6.5, 1.25], "texture": "#6"},
				"up": {"uv": [7, 3, 6.75, 2.75], "texture": "#6"},
				"down": {"uv": [7, 3, 6.75, 3.25], "texture": "#6"}
			}
		},
		{
			"from": [7, -3.5, 9],
			"to": [8, -0.5, 10],
			"faces": {
				"north": {"uv": [0.75, 6.25, 1, 7], "texture": "#6"},
				"east": {"uv": [1, 6.25, 1.25, 7], "texture": "#6"},
				"south": {"uv": [6.25, 1.5, 6.5, 2.25], "texture": "#6"},
				"west": {"uv": [6.25, 2.75, 6.5, 3.5], "texture": "#6"},
				"up": {"uv": [7, 3.5, 6.75, 3.25], "texture": "#6"},
				"down": {"uv": [7, 3.5, 6.75, 3.75], "texture": "#6"}
			}
		},
		{
			"from": [7, -4, 2.5],
			"to": [8, -3, 5.5],
			"rotation": {"angle": -45, "axis": "x", "origin": [0, 0, 0]},
			"faces": {
				"north": {"uv": [2, 6.75, 2.25, 7], "texture": "#6"},
				"east": {"uv": [6, 0, 6.75, 0.25], "texture": "#6"},
				"south": {"uv": [6.75, 2, 7, 2.25], "texture": "#6"},
				"west": {"uv": [6, 0.25, 6.75, 0.5], "texture": "#6"},
				"up": {"uv": [6.25, 1.25, 6, 0.5], "texture": "#6"},
				"down": {"uv": [6.25, 1.5, 6, 2.25], "texture": "#6"}
			}
		},
		{
			"from": [7, 6, 4.5],
			"to": [8, 7, 7.5],
			"rotation": {"angle": 45, "axis": "x", "origin": [0, 0, 0]},
			"faces": {
				"north": {"uv": [6.75, 2.25, 7, 2.5], "texture": "#6"},
				"east": {"uv": [6, 2.25, 6.75, 2.5], "texture": "#6"},
				"south": {"uv": [6.75, 2.5, 7, 2.75], "texture": "#6"},
				"west": {"uv": [6, 2.5, 6.75, 2.75], "texture": "#6"},
				"up": {"uv": [6.25, 3.5, 6, 2.75], "texture": "#6"},
				"down": {"uv": [6.25, 5, 6, 5.75], "texture": "#6"}
			}
		},
		{
			"from": [7, 0.5, 4.5],
			"to": [8, 1.5, 7.5],
			"rotation": {"angle": 45, "axis": "x", "origin": [0, 0, 0]},
			"faces": {
				"north": {"uv": [6.75, 4.25, 7, 4.5], "texture": "#6"},
				"east": {"uv": [6.5, 0.5, 7.25, 0.75], "texture": "#6"},
				"south": {"uv": [6.75, 4.5, 7, 4.75], "texture": "#6"},
				"west": {"uv": [6.5, 0.75, 7.25, 1], "texture": "#6"},
				"up": {"uv": [6.75, 1.75, 6.5, 1], "texture": "#6"},
				"down": {"uv": [1.5, 6.5, 1.25, 7.25], "texture": "#6"}
			}
		},
		{
			"from": [7, -5, 5.5],
			"to": [8, -4, 8.5],
			"faces": {
				"north": {"uv": [6.75, 1.5, 7, 1.75], "texture": "#6"},
				"east": {"uv": [5.75, 4.5, 6.5, 4.75], "texture": "#6"},
				"south": {"uv": [1.75, 6.75, 2, 7], "texture": "#6"},
				"west": {"uv": [5.75, 4.75, 6.5, 5], "texture": "#6"},
				"up": {"uv": [6, 5.75, 5.75, 5], "texture": "#6"},
				"down": {"uv": [6, 5.75, 5.75, 6.5], "texture": "#6"}
			}
		},
		{
			"from": [6, 11, 3.5],
			"to": [9, 12, 9.5],
			"faces": {
				"north": {"uv": [1.5, 6.5, 2.25, 6.75], "texture": "#6"},
				"east": {"uv": [5.25, 3.75, 6.75, 4], "texture": "#6"},
				"south": {"uv": [6.5, 1.75, 7.25, 2], "texture": "#6"},
				"west": {"uv": [5.25, 4, 6.75, 4.25], "texture": "#6"},
				"up": {"uv": [0.75, 5.75, 0, 4.25], "texture": "#6"},
				"down": {"uv": [5, 0, 4.25, 1.5], "texture": "#6"}
			}
		},
		{
			"from": [7, 12, 4],
			"to": [8, 15, 9.5],
			"faces": {
				"north": {"uv": [2.25, 6.5, 2.5, 7.25], "texture": "#6"},
				"east": {"uv": [4.25, 1.5, 5.75, 2.25], "texture": "#6"},
				"south": {"uv": [6.5, 2.75, 6.75, 3.5], "texture": "#6"},
				"west": {"uv": [4.5, 2.25, 6, 3], "texture": "#6"},
				"up": {"uv": [2.25, 6.5, 2, 5], "texture": "#6"},
				"down": {"uv": [2.5, 5, 2.25, 6.5], "texture": "#6"}
			}
		},
		{
			"from": [7, 15, 5],
			"to": [8, 21, 9.5],
			"faces": {
				"north": {"uv": [4, 5, 4.25, 6.5], "texture": "#6"},
				"east": {"uv": [2.5, 0, 3.75, 1.5], "texture": "#6"},
				"south": {"uv": [4.25, 5, 4.5, 6.5], "texture": "#6"},
				"west": {"uv": [2.5, 1.5, 3.75, 3], "texture": "#6"},
				"up": {"uv": [0.25, 7, 0, 5.75], "texture": "#6"},
				"down": {"uv": [6, 0, 5.75, 1.25], "texture": "#6"}
			}
		},
		{
			"from": [7, 21, 6.3],
			"to": [8, 24, 9.5],
			"faces": {
				"north": {"uv": [4, 6.5, 4.25, 7.25], "texture": "#6"},
				"east": {"uv": [5, 4.5, 5.75, 5.25], "texture": "#6"},
				"south": {"uv": [4.25, 6.5, 4.5, 7.25], "texture": "#6"},
				"west": {"uv": [5.25, 3, 6, 3.75], "texture": "#6"},
				"up": {"uv": [6.75, 5.25, 6.5, 4.5], "texture": "#6"},
				"down": {"uv": [6.75, 5.25, 6.5, 6], "texture": "#6"}
			}
		},
		{
			"from": [7, -9.5, 2.5],
			"to": [8, -8.5, 5.5],
			"rotation": {"angle": -45, "axis": "x", "origin": [0, 0, 0]},
			"faces": {
				"north": {"uv": [6.75, 3.75, 7, 4], "texture": "#6"},
				"east": {"uv": [6, 3.5, 6.75, 3.75], "texture": "#6"},
				"south": {"uv": [6.75, 4, 7, 4.25], "texture": "#6"},
				"west": {"uv": [6, 4.25, 6.75, 4.5], "texture": "#6"},
				"up": {"uv": [6.5, 5.75, 6.25, 5], "texture": "#6"},
				"down": {"uv": [6.5, 5.75, 6.25, 6.5], "texture": "#6"}
			}
		},
		{
			"from": [7, 12, -2],
			"to": [8, 18, -1],
			"rotation": {"angle": 22.5, "axis": "x", "origin": [0, 0, 0]},
			"faces": {
				"north": {"uv": [5, 5.25, 5.25, 6.75], "texture": "#6"},
				"east": {"uv": [5.25, 5.25, 5.5, 6.75], "texture": "#6"},
				"south": {"uv": [5.5, 0, 5.75, 1.5], "texture": "#6"},
				"west": {"uv": [3, 5.5, 3.25, 7], "texture": "#6"},
				"up": {"uv": [7, 5, 6.75, 4.75], "texture": "#6"},
				"down": {"uv": [5.25, 6.75, 5, 7], "texture": "#6"}
			}
		},
		{
			"from": [7.425, 12, -4],
			"to": [7.675, 32, -2],
			"rotation": {"angle": 22.5, "axis": "x", "origin": [0, 0, 0]},
			"faces": {
				"north": {"uv": [2.5, 3, 2.75, 8], "texture": "#6"},
				"east": {"uv": [1.5, 0, 2, 5], "texture": "#6"},
				"south": {"uv": [2.75, 3, 3, 8], "texture": "#6"},
				"west": {"uv": [2, 0, 2.5, 5], "texture": "#6"},
				"up": {"uv": [4, 3, 3.75, 2.5], "texture": "#6"},
				"down": {"uv": [7, 0, 6.75, 0.5], "texture": "#6"}
			}
		},
		{
			"from": [7, 21, -3.35],
			"to": [8, 27, -0.35],
			"rotation": {"angle": 22.5, "axis": "x", "origin": [0, 0, 0]},
			"faces": {
				"north": {"uv": [3.25, 5.5, 3.5, 7], "texture": "#6"},
				"east": {"uv": [0.75, 4.25, 1.5, 5.75], "texture": "#6"},
				"south": {"uv": [3.5, 5.5, 3.75, 7], "texture": "#6"},
				"west": {"uv": [4.5, 3, 5.25, 4.5], "texture": "#6"},
				"up": {"uv": [6, 7.25, 5.75, 6.5], "texture": "#6"},
				"down": {"uv": [6.25, 6.5, 6, 7.25], "texture": "#6"}
			}
		},
		{
			"from": [7.125, 10.5, 7.25],
			"to": [7.875, 27.5, 10.25],
			"faces": {
				"north": {"uv": [4.5, 4.5, 4.75, 8.75], "texture": "#6"},
				"east": {"uv": [0, 0, 0.75, 4.25], "texture": "#6"},
				"south": {"uv": [4.75, 4.5, 5, 8.75], "texture": "#6"},
				"west": {"uv": [0.75, 0, 1.5, 4.25], "texture": "#6"},
				"up": {"uv": [6.75, 6.75, 6.5, 6], "texture": "#6"},
				"down": {"uv": [6.5, 6.5, 6.25, 7.25], "texture": "#6"}
			}
		},
		{
			"from": [7.125, 24.5, 8.75],
			"to": [7.875, 30.5, 10.25],
			"faces": {
				"north": {"uv": [3.75, 5.5, 4, 7], "texture": "#6"},
				"east": {"uv": [5, 0, 5.5, 1.5], "texture": "#6"},
				"south": {"uv": [5.5, 5.25, 5.75, 6.75], "texture": "#6"},
				"west": {"uv": [1.5, 5, 2, 6.5], "texture": "#6"},
				"up": {"uv": [7, 1.5, 6.75, 1], "texture": "#6"},
				"down": {"uv": [1.75, 6.75, 1.5, 7.25], "texture": "#6"}
			}
		}
	],
	"display": {
		"thirdperson_righthand": {
			"translation": [0.5, 3.75, 3.25],
			"scale": [1.25, 1.5, 1.25]
		},
		"thirdperson_lefthand": {
			"rotation": [-180, 0, 0],
			"translation": [-0.5, -7.25, 0.5],
			"scale": [1.25, 1.5, 1.25]
		},
		"firstperson_righthand": {
			"translation": [1, -2.25, -3],
			"scale": [0.9, 0.9, 0.9]
		},
		"firstperson_lefthand": {
			"rotation": [135, -180, 0],
			"scale": [0.9, 0.9, 0.9]
		},
		"ground": {
			"rotation": [65, 0, 0],
			"translation": [0, 2.75, 0],
			"scale": [0.5, 0.5, 0.5]
		},
		"gui": {
			"rotation": [0, 90, 0],
			"translation": [0, -3.25, 0],
			"scale": [0.5, 0.5, 0.5]
		},
		"head": {
			"rotation": [90, -180, 0],
			"translation": [-0.75, 0, -37],
			"scale": [2, 2, 2]
		},
		"fixed": {
			"rotation": [0, 90, 0],
			"translation": [0, -1.75, -1],
			"scale": [0.5, 0.5, 0.5]
		}
	},
	"groups": [
		{
			"name": "group",
			"origin": [0, 0, 0],
			"color": 0,
			"children": [
				0,
				1,
				2,
				3,
				4,
				5,
				6,
				7,
				8,
				9,
				10,
				11,
				12,
				{
					"name": "group",
					"origin": [0, 0, 0],
					"color": 0,
					"children": []
				}
			]
		},
		13,
		14,
		15,
		16,
		17
	]
}